Issue ID,Description,State,Severity,Story Points,Project Path,Location Kind,Path,Line,Column,Incident ID,Help Link,Assembly Name,Assembly Version,Assembly Public Key,Snippet
NuGet.0002,NuGet package upgrade is recommended,Active,Potential,1,Bot.Console\Bot.Console.csproj,File,Bot.Console\Bot.Console.csproj,,,Microsoft.Extensions.FileProviders.Abstractions 6.0.0,,,,,"Microsoft.Extensions.FileProviders.Abstractions, 6.0.0  Recommendation:  Remove Microsoft.Extensions.FileProviders.Abstractions, and replace with new package Microsoft.Extensions.FileProviders.Abstractions 10.0.5"
NuGet.0003,NuGet package functionality is included with framework reference,Active,Mandatory,1,Bot.Console\Bot.Console.csproj,File,Bot.Console\Bot.Console.csproj,,,System.Data.DataSetExtensions 4.5.0,,,,,"System.Data.DataSetExtensions, 4.5.0  Recommendation:  Package functionality included with new framework reference"
Project.0002,Project's target framework(s) needs to be changed,Active,Mandatory,1,Bot.Console\Bot.Console.csproj,File,Bot.Console\Bot.Console.csproj,,,,,,,,Current target framework: net472 Recommended target framework: net10.0
NuGet.0001,NuGet package is incompatible,Active,Mandatory,1,Bot.Model\Bot.Model.csproj,File,Bot.Model\Bot.Model.csproj,,,Microsoft.Owin.Host.HttpListener 4.2.0,,,,,"Microsoft.Owin.Host.HttpListener, 4.2.0  Recommendation:  No supported version found"
NuGet.0002,NuGet package upgrade is recommended,Active,Potential,1,Bot.Model\Bot.Model.csproj,File,Bot.Model\Bot.Model.csproj,,,Newtonsoft.Json 13.0.1,,,,,"Newtonsoft.Json, 13.0.1  Recommendation:  Remove Newtonsoft.Json, and replace with new package Newtonsoft.Json 13.0.4"
NuGet.0003,NuGet package functionality is included with framework reference,Active,Mandatory,1,Bot.Model\Bot.Model.csproj,File,Bot.Model\Bot.Model.csproj,,,System.Data.DataSetExtensions 4.5.0,,,,,"System.Data.DataSetExtensions, 4.5.0  Recommendation:  Package functionality included with new framework reference"
Project.0002,Project's target framework(s) needs to be changed,Active,Mandatory,1,Bot.Model\Bot.Model.csproj,File,Bot.Model\Bot.Model.csproj,,,,,,,,Current target framework: net472 Recommended target framework: net10.0
NuGet.0001,NuGet package is incompatible,Active,Mandatory,1,Bot.Services\Bot.Services.csproj,File,Bot.Services\Bot.Services.csproj,,,Microsoft.Owin.Cors 4.2.0,,,,,"Microsoft.Owin.Cors, 4.2.0  Recommendation:  No supported version found"
NuGet.0001,NuGet package is incompatible,Active,Mandatory,1,Bot.Services\Bot.Services.csproj,File,Bot.Services\Bot.Services.csproj,,,Microsoft.Owin.StaticFiles 4.2.0,,,,,"Microsoft.Owin.StaticFiles, 4.2.0  Recommendation:  No supported version found"
NuGet.0002,NuGet package upgrade is recommended,Active,Potential,1,Bot.Services\Bot.Services.csproj,File,Bot.Services\Bot.Services.csproj,,,System.Diagnostics.DiagnosticSource 6.0.0,,,,,"System.Diagnostics.DiagnosticSource, 6.0.0  Recommendation:  Remove System.Diagnostics.DiagnosticSource, and replace with new package System.Diagnostics.DiagnosticSource 10.0.5"
NuGet.0001,NuGet package is incompatible,Active,Mandatory,1,Bot.Services\Bot.Services.csproj,File,Bot.Services\Bot.Services.csproj,,,Microsoft.AspNet.WebApi.Owin 5.2.7,,,,,"Microsoft.AspNet.WebApi.Owin, 5.2.7  Recommendation:  No supported version found"
NuGet.0002,NuGet package upgrade is recommended,Active,Potential,1,Bot.Services\Bot.Services.csproj,File,Bot.Services\Bot.Services.csproj,,,Microsoft.Extensions.Configuration.EnvironmentVariables 6.0.0,,,,,"Microsoft.Extensions.Configuration.EnvironmentVariables, 6.0.0  Recommendation:  Remove Microsoft.Extensions.Configuration.EnvironmentVariables, and replace with new package Microsoft.Extensions.Configuration.EnvironmentVariables 10.0.5"
NuGet.0002,NuGet package upgrade is recommended,Active,Potential,1,Bot.Services\Bot.Services.csproj,File,Bot.Services\Bot.Services.csproj,,,Microsoft.Extensions.Configuration.Json 6.0.0,,,,,"Microsoft.Extensions.Configuration.Json, 6.0.0  Recommendation:  Remove Microsoft.Extensions.Configuration.Json, and replace with new package Microsoft.Extensions.Configuration.Json 10.0.5"
NuGet.0002,NuGet package upgrade is recommended,Active,Potential,1,Bot.Services\Bot.Services.csproj,File,Bot.Services\Bot.Services.csproj,,,Microsoft.Extensions.DependencyInjection 6.0.0,,,,,"Microsoft.Extensions.DependencyInjection, 6.0.0  Recommendation:  Remove Microsoft.Extensions.DependencyInjection, and replace with new package Microsoft.Extensions.DependencyInjection 10.0.5"
NuGet.0002,NuGet package upgrade is recommended,Active,Potential,1,Bot.Services\Bot.Services.csproj,File,Bot.Services\Bot.Services.csproj,,,Microsoft.Extensions.Options.ConfigurationExtensions 6.0.0,,,,,"Microsoft.Extensions.Options.ConfigurationExtensions, 6.0.0  Recommendation:  Remove Microsoft.Extensions.Options.ConfigurationExtensions, and replace with new package Microsoft.Extensions.Options.ConfigurationExtensions 10.0.5"
NuGet.0001,NuGet package is incompatible,Active,Mandatory,1,Bot.Services\Bot.Services.csproj,File,Bot.Services\Bot.Services.csproj,,,Microsoft.Graph.Communications.Calls.Media 1.2.0.3742,,,,,"Microsoft.Graph.Communications.Calls.Media, 1.2.0.3742  Recommendation:  Microsoft.Graph.Communications.Calls.Media, 1.2.0.15690"
NuGet.0003,NuGet package functionality is included with framework reference,Active,Mandatory,1,Bot.Services\Bot.Services.csproj,File,Bot.Services\Bot.Services.csproj,,,Microsoft.NETCore.Platforms 6.0.1,,,,,"Microsoft.NETCore.Platforms, 6.0.1  Recommendation:  Package functionality included with new framework reference"
NuGet.0001,NuGet package is incompatible,Active,Mandatory,1,Bot.Services\Bot.Services.csproj,File,Bot.Services\Bot.Services.csproj,,,Microsoft.Owin.Host.HttpListener 4.2.0,,,,,"Microsoft.Owin.Host.HttpListener, 4.2.0  Recommendation:  No supported version found"
NuGet.0001,NuGet package is incompatible,Active,Mandatory,1,Bot.Services\Bot.Services.csproj,File,Bot.Services\Bot.Services.csproj,,,Microsoft.Owin.Hosting 4.2.0,,,,,"Microsoft.Owin.Hosting, 4.2.0  Recommendation:  No supported version found"
NuGet.0001,NuGet package is incompatible,Active,Mandatory,1,Bot.Services\Bot.Services.csproj,File,Bot.Services\Bot.Services.csproj,,,Microsoft.Skype.Bots.Media 1.21.0.241-alpha,,,,,"Microsoft.Skype.Bots.Media, 1.21.0.241-alpha  Recommendation:  No supported version found"
NuGet.0002,NuGet package upgrade is recommended,Active,Potential,1,Bot.Services\Bot.Services.csproj,File,Bot.Services\Bot.Services.csproj,,,Newtonsoft.Json 13.0.1,,,,,"Newtonsoft.Json, 13.0.1  Recommendation:  Remove Newtonsoft.Json, and replace with new package Newtonsoft.Json 13.0.4"
NuGet.0005,NuGet package is deprecated,Active,Optional,1,Bot.Services\Bot.Services.csproj,File,Bot.Services\Bot.Services.csproj,,,Microsoft.ApplicationInsights.TraceListener 2.20.0,,,,,"Microsoft.ApplicationInsights.TraceListener, 2.20.0  Recommendation:  This version is deprecated. Please use the most recent version. Remove Microsoft.ApplicationInsights.TraceListener, and replace with new package Microsoft.ApplicationInsights.TraceListener, 2.23.0"
NuGet.0005,NuGet package is deprecated,Active,Optional,1,Bot.Services\Bot.Services.csproj,File,Bot.Services\Bot.Services.csproj,,,Microsoft.ApplicationInsights.WorkerService 2.20.0,,,,,"Microsoft.ApplicationInsights.WorkerService, 2.20.0  Recommendation:  This version is deprecated. Please use the most recent version. Remove Microsoft.ApplicationInsights.WorkerService, and replace with new package Microsoft.ApplicationInsights.WorkerService, 3.0.0"
NuGet.0005,NuGet package is deprecated,Active,Optional,1,Bot.Services\Bot.Services.csproj,File,Bot.Services\Bot.Services.csproj,,,Microsoft.IdentityModel.Clients.ActiveDirectory 5.2.9,,,,,"Microsoft.IdentityModel.Clients.ActiveDirectory, 5.2.9  Recommendation:  Please note, a newer package is available Microsoft.Identity.Client.  This package will continue to receive critical bug fixes until December 2022, we strongly encourage you to upgrade. See https://docs.microsoft.com/azure/active-directory/develop/msal-net-migration for Migration guide and more details.  Remove Microsoft.IdentityModel.Clients.ActiveDirectory, and replace with new package Microsoft.IdentityModel.Clients.ActiveDirectory, 5.3.0"
Project.0002,Project's target framework(s) needs to be changed,Active,Mandatory,1,Bot.Services\Bot.Services.csproj,File,Bot.Services\Bot.Services.csproj,,,,,,,,Current target framework: net472 Recommended target framework: net10.0
Api.0001,Binary incompatible for selected .NET version,Active,Mandatory,1,Bot.Services\Bot.Services.csproj,File,Bot.Services\Http\Controllers\ChangeScreenSharingRoleController.cs,66,95,M:System.Web.Http.FromBodyAttribute.#ctor,,,,,FromBody
Api.0001,Binary incompatible for selected .NET version,Active,Mandatory,1,Bot.Services\Bot.Services.csproj,File,Bot.Services\Http\Controllers\ChangeScreenSharingRoleController.cs,66,95,T:System.Web.Http.FromBodyAttribute,,,,,FromBody
Api.0001,Binary incompatible for selected .NET version,Active,Mandatory,1,Bot.Services\Bot.Services.csproj,File,Bot.Services\Http\Controllers\ChangeScreenSharingRoleController.cs,65,9,M:System.Web.Http.RouteAttribute.#ctor(System.String),,,,,"Route(HttpRouteConstants.CallRoute + ""/"" + HttpRouteConstants.OnChangeRoleRoute)"
Api.0001,Binary incompatible for selected .NET version,Active,Mandatory,1,Bot.Services\Bot.Services.csproj,File,Bot.Services\Http\Controllers\ChangeScreenSharingRoleController.cs,65,9,T:System.Web.Http.RouteAttribute,,,,,"Route(HttpRouteConstants.CallRoute + ""/"" + HttpRouteConstants.OnChangeRoleRoute)"
Api.0001,Binary incompatible for selected .NET version,Active,Mandatory,1,Bot.Services\Bot.Services.csproj,File,Bot.Services\Http\Controllers\ChangeScreenSharingRoleController.cs,64,9,M:System.Web.Http.HttpPostAttribute.#ctor,,,,,HttpPost
Api.0001,Binary incompatible for selected .NET version,Active,Mandatory,1,Bot.Services\Bot.Services.csproj,File,Bot.Services\Http\Controllers\ChangeScreenSharingRoleController.cs,64,9,T:System.Web.Http.HttpPostAttribute,,,,,HttpPost
Api.0001,Binary incompatible for selected .NET version,Active,Mandatory,1,Bot.Services\Bot.Services.csproj,File,Bot.Services\Http\Controllers\ChangeScreenSharingRoleController.cs,75,16,P:System.Web.Http.ApiController.Request,,,,,return this.Request.CreateResponse(HttpStatusCode.OK);
Api.0002,Source incompatible for selected .NET version,Active,Potential,1,Bot.Services\Bot.Services.csproj,File,Bot.Services\Http\Controllers\ChangeScreenSharingRoleController.cs,75,16,T:System.Net.Http.HttpRequestMessageExtensions,,,,,return this.Request.CreateResponse(HttpStatusCode.OK);
Api.0002,Source incompatible for selected .NET version,Active,Potential,1,Bot.Services\Bot.Services.csproj,File,Bot.Services\Http\Controllers\ChangeScreenSharingRoleController.cs,75,16,"M:System.Net.Http.HttpRequestMessageExtensions.CreateResponse(System.Net.Http.HttpRequestMessage,System.Net.HttpStatusCode)",,,,,return this.Request.CreateResponse(HttpStatusCode.OK);
Api.0001,Binary incompatible for selected .NET version,Active,Mandatory,1,Bot.Services\Bot.Services.csproj,File,Bot.Services\Http\Controllers\ChangeScreenSharingRoleController.cs,70,16,P:System.Web.Http.ApiController.Request,,,,,return this.Request.CreateResponse(HttpStatusCode.BadRequest);
Api.0002,Source incompatible for selected .NET version,Active,Potential,1,Bot.Services\Bot.Services.csproj,File,Bot.Services\Http\Controllers\ChangeScreenSharingRoleController.cs,70,16,T:System.Net.Http.HttpRequestMessageExtensions,,,,,return this.Request.CreateResponse(HttpStatusCode.BadRequest);
Api.0002,Source incompatible for selected .NET version,Active,Potential,1,Bot.Services\Bot.Services.csproj,File,Bot.Services\Http\Controllers\ChangeScreenSharingRoleController.cs,70,16,"M:System.Net.Http.HttpRequestMessageExtensions.CreateResponse(System.Net.Http.HttpRequestMessage,System.Net.HttpStatusCode)",,,,,return this.Request.CreateResponse(HttpStatusCode.BadRequest);
Api.0001,Binary incompatible for selected .NET version,Active,Mandatory,1,Bot.Services\Bot.Services.csproj,File,Bot.Services\Http\Controllers\ChangeScreenSharingRoleController.cs,45,8,M:System.Web.Http.ApiController.#ctor,,,,,"public ChangeScreenSharingRoleController(IGraphLogger logger, IBotService botService, IAzureSettings settings)          {              _logger = logger;              _botService = botService;              _settings = (AzureSettings)settings;          }"
Api.0001,Binary incompatible for selected .NET version,Active,Mandatory,1,Bot.Services\Bot.Services.csproj,File,Bot.Services\Http\Controllers\ChangeScreenSharingRoleController.cs,33,8,M:System.Web.Http.ApiController.#ctor,,,,,public ChangeScreenSharingRoleController()          {              _logger = AppHost.AppHostInstance.Resolve<IGraphLogger>();              _botService = AppHost.AppHostInstance.Resolve<IBotService>();              _settings = AppHost.AppHostInstance.Resolve<IOptions<AzureSettings>>().Value;          }
Api.0001,Binary incompatible for selected .NET version,Active,Mandatory,1,Bot.Services\Bot.Services.csproj,File,Bot.Services\Http\Controllers\ChangeScreenSharingRoleController.cs,45,8,M:System.Web.Http.ApiController.#ctor,,,,,"public ChangeScreenSharingRoleController(IGraphLogger logger, IBotService botService, IAzureSettings settings)          {              _logger = logger;              _botService = botService;              _settings = (AzureSettings)settings;          }"
Api.0001,Binary incompatible for selected .NET version,Active,Mandatory,1,Bot.Services\Bot.Services.csproj,File,Bot.Services\Http\Controllers\ChangeScreenSharingRoleController.cs,33,8,M:System.Web.Http.ApiController.#ctor,,,,,public ChangeScreenSharingRoleController()          {              _logger = AppHost.AppHostInstance.Resolve<IGraphLogger>();              _botService = AppHost.AppHostInstance.Resolve<IBotService>();              _settings = AppHost.AppHostInstance.Resolve<IOptions<AzureSettings>>().Value;          }
Api.0001,Binary incompatible for selected .NET version,Active,Mandatory,1,Bot.Services\Bot.Services.csproj,File,Bot.Services\Http\Controllers\ChangeScreenSharingRoleController.cs,18,53,T:System.Web.Http.ApiController,,,,,ApiController
Api.0002,Source incompatible for selected .NET version,Active,Potential,1,Bot.Services\Bot.Services.csproj,File,Bot.Services\Bot\CallHandler.cs,56,19,M:System.TimeSpan.FromMinutes(System.Double),,,,,TimeSpan.FromMinutes(10)
Api.0002,Source incompatible for selected .NET version,Active,Potential,1,Bot.Services\Bot.Services.csproj,File,Bot.Services\Bot\CallHandler.cs,56,19,M:System.TimeSpan.FromMinutes(System.Double),,,,,TimeSpan.FromMinutes(10)
Api.0003,Behavioral change in selected .NET version,Active,Potential,1,Bot.Services\Bot.Services.csproj,File,Bot.Services\Authentication\UserPasswordAuthenticationProvider.cs,120,20,T:System.Net.Http.HttpContent,,,,,var content = await result.Content.ReadAsStringAsync().ConfigureAwait(false);
Api.0002,Source incompatible for selected .NET version,Active,Potential,1,Bot.Services\Bot.Services.csproj,File,Bot.Services\Authentication\AuthenticationProvider.cs,209,12,P:System.Net.Http.HttpRequestMessage.Properties,,,,,"request.Properties.Add(HttpConstants.HeaderNames.Tenant, tenantClaim.Value);"
Api.0001,Binary incompatible for selected .NET version,Active,Mandatory,1,Bot.Services\Bot.Services.csproj,File,Bot.Services\Authentication\AuthenticationProvider.cs,184,16,"M:System.IdentityModel.Tokens.Jwt.JwtSecurityTokenHandler.ValidateToken(System.String,Microsoft.IdentityModel.Tokens.TokenValidationParameters,Microsoft.IdentityModel.Tokens.SecurityToken@)",,,,,"claimsPrincipal = handler.ValidateToken(token, validationParameters, out _);"
Api.0001,Binary incompatible for selected .NET version,Active,Mandatory,1,Bot.Services\Bot.Services.csproj,File,Bot.Services\Authentication\AuthenticationProvider.cs,183,16,T:System.IdentityModel.Tokens.Jwt.JwtSecurityTokenHandler,,,,,JwtSecurityTokenHandler handler = new JwtSecurityTokenHandler();
Api.0001,Binary incompatible for selected .NET version,Active,Mandatory,1,Bot.Services\Bot.Services.csproj,File,Bot.Services\Authentication\AuthenticationProvider.cs,183,16,M:System.IdentityModel.Tokens.Jwt.JwtSecurityTokenHandler.#ctor,,,,,JwtSecurityTokenHandler handler = new JwtSecurityTokenHandler();
Api.0001,Binary incompatible for selected .NET version,Active,Mandatory,1,Bot.Services\Bot.Services.csproj,File,Bot.Services\Http\Controllers\PlatformCallController.cs,28,5,M:System.Web.Http.RoutePrefixAttribute.#ctor(System.String),,,,,RoutePrefix(HttpRouteConstants.CallSignalingRoutePrefix)
Api.0001,Binary incompatible for selected .NET version,Active,Mandatory,1,Bot.Services\Bot.Services.csproj,File,Bot.Services\Http\Controllers\PlatformCallController.cs,28,5,T:System.Web.Http.RoutePrefixAttribute,,,,,RoutePrefix(HttpRouteConstants.CallSignalingRoutePrefix)
Api.0003,Behavioral change in selected .NET version,Active,Potential,1,Bot.Services\Bot.Services.csproj,File,Bot.Services\Http\Controllers\PlatformCallController.cs,233,16,T:System.Uri,,,,,response.Headers.Location = redirectUri;
Api.0003,Behavioral change in selected .NET version,Active,Potential,1,Bot.Services\Bot.Services.csproj,File,Bot.Services\Http\Controllers\PlatformCallController.cs,175,16,T:System.Uri,,,,,"client.ProcessNotifications(request.RequestUri, notifications, result.TenantId, requestId, scenarioId, additionalData);"
Api.0003,Behavioral change in selected .NET version,Active,Potential,1,Bot.Services\Bot.Services.csproj,File,Bot.Services\Http\Controllers\PlatformCallController.cs,113,16,T:System.Net.Http.HttpContent,,,,,var content = await request.Content.ReadAsStringAsync().ConfigureAwait(false);
Api.0001,Binary incompatible for selected .NET version,Active,Mandatory,1,Bot.Services\Bot.Services.csproj,File,Bot.Services\Http\Controllers\PlatformCallController.cs,76,9,M:System.Web.Http.RouteAttribute.#ctor(System.String),,,,,Route(HttpRouteConstants.OnNotificationRequestRoute)
Api.0001,Binary incompatible for selected .NET version,Active,Mandatory,1,Bot.Services\Bot.Services.csproj,File,Bot.Services\Http\Controllers\PlatformCallController.cs,76,9,T:System.Web.Http.RouteAttribute,,,,,Route(HttpRouteConstants.OnNotificationRequestRoute)
Api.0001,Binary incompatible for selected .NET version,Active,Mandatory,1,Bot.Services\Bot.Services.csproj,File,Bot.Services\Http\Controllers\PlatformCallController.cs,75,9,M:System.Web.Http.HttpPostAttribute.#ctor,,,,,HttpPost
Api.0001,Binary incompatible for selected .NET version,Active,Mandatory,1,Bot.Services\Bot.Services.csproj,File,Bot.Services\Http\Controllers\PlatformCallController.cs,75,9,T:System.Web.Http.HttpPostAttribute,,,,,HttpPost
Api.0001,Binary incompatible for selected .NET version,Active,Mandatory,1,Bot.Services\Bot.Services.csproj,File,Bot.Services\Http\Controllers\PlatformCallController.cs,83,12,P:System.Web.Http.ApiController.Request,,,,,var response = await _botService.Client.ProcessNotificationAsync(this.Request).ConfigureAwait(false);
Api.0001,Binary incompatible for selected .NET version,Active,Mandatory,1,Bot.Services\Bot.Services.csproj,File,Bot.Services\Http\Controllers\PlatformCallController.cs,79,12,P:System.Web.Http.ApiController.Request,,,,,"var log = $""Received HTTP {this.Request.Method}, {this.Request.RequestUri}"";"
Api.0003,Behavioral change in selected .NET version,Active,Potential,1,Bot.Services\Bot.Services.csproj,File,Bot.Services\Http\Controllers\PlatformCallController.cs,79,12,T:System.Uri,,,,,"var log = $""Received HTTP {this.Request.Method}, {this.Request.RequestUri}"";"
Api.0001,Binary incompatible for selected .NET version,Active,Mandatory,1,Bot.Services\Bot.Services.csproj,File,Bot.Services\Http\Controllers\PlatformCallController.cs,79,12,P:System.Web.Http.ApiController.Request,,,,,"var log = $""Received HTTP {this.Request.Method}, {this.Request.RequestUri}"";"
Api.0001,Binary incompatible for selected .NET version,Active,Mandatory,1,Bot.Services\Bot.Services.csproj,File,Bot.Services\Http\Controllers\PlatformCallController.cs,55,9,M:System.Web.Http.RouteAttribute.#ctor(System.String),,,,,Route(HttpRouteConstants.OnIncomingRequestRoute)
Api.0001,Binary incompatible for selected .NET version,Active,Mandatory,1,Bot.Services\Bot.Services.csproj,File,Bot.Services\Http\Controllers\PlatformCallController.cs,55,9,T:System.Web.Http.RouteAttribute,,,,,Route(HttpRouteConstants.OnIncomingRequestRoute)
Api.0001,Binary incompatible for selected .NET version,Active,Mandatory,1,Bot.Services\Bot.Services.csproj,File,Bot.Services\Http\Controllers\PlatformCallController.cs,54,9,M:System.Web.Http.HttpPostAttribute.#ctor,,,,,HttpPost
Api.0001,Binary incompatible for selected .NET version,Active,Mandatory,1,Bot.Services\Bot.Services.csproj,File,Bot.Services\Http\Controllers\PlatformCallController.cs,54,9,T:System.Web.Http.HttpPostAttribute,,,,,HttpPost
Api.0001,Binary incompatible for selected .NET version,Active,Mandatory,1,Bot.Services\Bot.Services.csproj,File,Bot.Services\Http\Controllers\PlatformCallController.cs,63,12,P:System.Web.Http.ApiController.Request,,,,,"var response = await ProcessNotificationAsync(_botService.Client, this.Request).ConfigureAwait(false);"
Api.0001,Binary incompatible for selected .NET version,Active,Mandatory,1,Bot.Services\Bot.Services.csproj,File,Bot.Services\Http\Controllers\PlatformCallController.cs,58,12,P:System.Web.Http.ApiController.Request,,,,,"var log = $""Received HTTP {this.Request.Method}, {this.Request.RequestUri}"";"
Api.0003,Behavioral change in selected .NET version,Active,Potential,1,Bot.Services\Bot.Services.csproj,File,Bot.Services\Http\Controllers\PlatformCallController.cs,58,12,T:System.Uri,,,,,"var log = $""Received HTTP {this.Request.Method}, {this.Request.RequestUri}"";"
Api.0001,Binary incompatible for selected .NET version,Active,Mandatory,1,Bot.Services\Bot.Services.csproj,File,Bot.Services\Http\Controllers\PlatformCallController.cs,58,12,P:System.Web.Http.ApiController.Request,,,,,"var log = $""Received HTTP {this.Request.Method}, {this.Request.RequestUri}"";"
Api.0001,Binary incompatible for selected .NET version,Active,Mandatory,1,Bot.Services\Bot.Services.csproj,File,Bot.Services\Http\Controllers\PlatformCallController.cs,44,8,M:System.Web.Http.ApiController.#ctor,,,,,public PlatformCallController()          {              _botService = AppHost.AppHostInstance.Resolve<IBotService>();              _logger = AppHost.AppHostInstance.Resolve<IGraphLogger>();          }
Api.0001,Binary incompatible for selected .NET version,Active,Mandatory,1,Bot.Services\Bot.Services.csproj,File,Bot.Services\Http\Controllers\PlatformCallController.cs,44,8,M:System.Web.Http.ApiController.#ctor,,,,,public PlatformCallController()          {              _botService = AppHost.AppHostInstance.Resolve<IBotService>();              _logger = AppHost.AppHostInstance.Resolve<IGraphLogger>();          }
Api.0001,Binary incompatible for selected .NET version,Active,Mandatory,1,Bot.Services\Bot.Services.csproj,File,Bot.Services\Http\Controllers\PlatformCallController.cs,29,42,T:System.Web.Http.ApiController,,,,,ApiController
Api.0001,Binary incompatible for selected .NET version,Active,Mandatory,1,Bot.Services\Bot.Services.csproj,File,Bot.Services\Http\Controllers\JoinCallController.cs,72,62,M:System.Web.Http.FromBodyAttribute.#ctor,,,,,FromBody
Api.0001,Binary incompatible for selected .NET version,Active,Mandatory,1,Bot.Services\Bot.Services.csproj,File,Bot.Services\Http\Controllers\JoinCallController.cs,72,62,T:System.Web.Http.FromBodyAttribute,,,,,FromBody
Api.0001,Binary incompatible for selected .NET version,Active,Mandatory,1,Bot.Services\Bot.Services.csproj,File,Bot.Services\Http\Controllers\JoinCallController.cs,71,9,M:System.Web.Http.RouteAttribute.#ctor(System.String),,,,,Route(HttpRouteConstants.JoinCall)
Api.0001,Binary incompatible for selected .NET version,Active,Mandatory,1,Bot.Services\Bot.Services.csproj,File,Bot.Services\Http\Controllers\JoinCallController.cs,71,9,T:System.Web.Http.RouteAttribute,,,,,Route(HttpRouteConstants.JoinCall)
Api.0001,Binary incompatible for selected .NET version,Active,Mandatory,1,Bot.Services\Bot.Services.csproj,File,Bot.Services\Http\Controllers\JoinCallController.cs,70,9,M:System.Web.Http.HttpPostAttribute.#ctor,,,,,HttpPost
Api.0001,Binary incompatible for selected .NET version,Active,Mandatory,1,Bot.Services\Bot.Services.csproj,File,Bot.Services\Http\Controllers\JoinCallController.cs,70,9,T:System.Web.Http.HttpPostAttribute,,,,,HttpPost
Api.0003,Behavioral change in selected .NET version,Active,Potential,1,Bot.Services\Bot.Services.csproj,File,Bot.Services\Http\Controllers\JoinCallController.cs,116,16,T:System.Net.Http.HttpContent,,,,,response.Content = new StringContent(e.Message);
Api.0001,Binary incompatible for selected .NET version,Active,Mandatory,1,Bot.Services\Bot.Services.csproj,File,Bot.Services\Http\Controllers\JoinCallController.cs,115,16,P:System.Web.Http.ApiController.Request,,,,,HttpResponseMessage response = this.Request.CreateResponse(HttpStatusCode.InternalServerError);
Api.0002,Source incompatible for selected .NET version,Active,Potential,1,Bot.Services\Bot.Services.csproj,File,Bot.Services\Http\Controllers\JoinCallController.cs,115,16,T:System.Net.Http.HttpRequestMessageExtensions,,,,,HttpResponseMessage response = this.Request.CreateResponse(HttpStatusCode.InternalServerError);
Api.0002,Source incompatible for selected .NET version,Active,Potential,1,Bot.Services\Bot.Services.csproj,File,Bot.Services\Http\Controllers\JoinCallController.cs,115,16,"M:System.Net.Http.HttpRequestMessageExtensions.CreateResponse(System.Net.Http.HttpRequestMessage,System.Net.HttpStatusCode)",,,,,HttpResponseMessage response = this.Request.CreateResponse(HttpStatusCode.InternalServerError);
Api.0001,Binary incompatible for selected .NET version,Active,Mandatory,1,Bot.Services\Bot.Services.csproj,File,Bot.Services\Http\Controllers\JoinCallController.cs,114,16,P:System.Web.Http.ApiController.Request,,,,,"_logger.Error(e, $""Received HTTP {this.Request.Method}, {this.Request.RequestUri}"");"
Api.0003,Behavioral change in selected .NET version,Active,Potential,1,Bot.Services\Bot.Services.csproj,File,Bot.Services\Http\Controllers\JoinCallController.cs,114,16,T:System.Uri,,,,,"_logger.Error(e, $""Received HTTP {this.Request.Method}, {this.Request.RequestUri}"");"
Api.0001,Binary incompatible for selected .NET version,Active,Mandatory,1,Bot.Services\Bot.Services.csproj,File,Bot.Services\Http\Controllers\JoinCallController.cs,114,16,P:System.Web.Http.ApiController.Request,,,,,"_logger.Error(e, $""Received HTTP {this.Request.Method}, {this.Request.RequestUri}"");"
Api.0003,Behavioral change in selected .NET version,Active,Potential,1,Bot.Services\Bot.Services.csproj,File,Bot.Services\Http\Controllers\JoinCallController.cs,109,16,T:System.Net.Http.HttpContent,,,,,response.Content = new StringContent(e.ToString());
Api.0001,Binary incompatible for selected .NET version,Active,Mandatory,1,Bot.Services\Bot.Services.csproj,File,Bot.Services\Http\Controllers\JoinCallController.cs,97,16,P:System.Web.Http.ApiController.Request,,,,,HttpResponseMessage response = (int)e.StatusCode >= 300                      ? this.Request.CreateResponse(e.StatusCode)                      : this.Request.CreateResponse(HttpStatusCode.InternalServerError);
Api.0002,Source incompatible for selected .NET version,Active,Potential,1,Bot.Services\Bot.Services.csproj,File,Bot.Services\Http\Controllers\JoinCallController.cs,97,16,T:System.Net.Http.HttpRequestMessageExtensions,,,,,HttpResponseMessage response = (int)e.StatusCode >= 300                      ? this.Request.CreateResponse(e.StatusCode)                      : this.Request.CreateResponse(HttpStatusCode.InternalServerError);
Api.0002,Source incompatible for selected .NET version,Active,Potential,1,Bot.Services\Bot.Services.csproj,File,Bot.Services\Http\Controllers\JoinCallController.cs,97,16,"M:System.Net.Http.HttpRequestMessageExtensions.CreateResponse(System.Net.Http.HttpRequestMessage,System.Net.HttpStatusCode)",,,,,HttpResponseMessage response = (int)e.StatusCode >= 300                      ? this.Request.CreateResponse(e.StatusCode)                      : this.Request.CreateResponse(HttpStatusCode.InternalServerError);
Api.0001,Binary incompatible for selected .NET version,Active,Mandatory,1,Bot.Services\Bot.Services.csproj,File,Bot.Services\Http\Controllers\JoinCallController.cs,97,16,P:System.Web.Http.ApiController.Request,,,,,HttpResponseMessage response = (int)e.StatusCode >= 300                      ? this.Request.CreateResponse(e.StatusCode)                      : this.Request.CreateResponse(HttpStatusCode.InternalServerError);
Api.0002,Source incompatible for selected .NET version,Active,Potential,1,Bot.Services\Bot.Services.csproj,File,Bot.Services\Http\Controllers\JoinCallController.cs,97,16,T:System.Net.Http.HttpRequestMessageExtensions,,,,,HttpResponseMessage response = (int)e.StatusCode >= 300                      ? this.Request.CreateResponse(e.StatusCode)                      : this.Request.CreateResponse(HttpStatusCode.InternalServerError);
Api.0002,Source incompatible for selected .NET version,Active,Potential,1,Bot.Services\Bot.Services.csproj,File,Bot.Services\Http\Controllers\JoinCallController.cs,97,16,"M:System.Net.Http.HttpRequestMessageExtensions.CreateResponse(System.Net.Http.HttpRequestMessage,System.Net.HttpStatusCode)",,,,,HttpResponseMessage response = (int)e.StatusCode >= 300                      ? this.Request.CreateResponse(e.StatusCode)                      : this.Request.CreateResponse(HttpStatusCode.InternalServerError);
Api.0003,Behavioral change in selected .NET version,Active,Potential,1,Bot.Services\Bot.Services.csproj,File,Bot.Services\Http\Controllers\JoinCallController.cs,92,16,T:System.Net.Http.HttpContent,,,,,"response.Content = new StringContent(json, Encoding.UTF8, ""application/json"");"
Api.0001,Binary incompatible for selected .NET version,Active,Mandatory,1,Bot.Services\Bot.Services.csproj,File,Bot.Services\Http\Controllers\JoinCallController.cs,91,16,P:System.Web.Http.ApiController.Request,,,,,var response = this.Request.CreateResponse(HttpStatusCode.OK);
Api.0002,Source incompatible for selected .NET version,Active,Potential,1,Bot.Services\Bot.Services.csproj,File,Bot.Services\Http\Controllers\JoinCallController.cs,91,16,T:System.Net.Http.HttpRequestMessageExtensions,,,,,var response = this.Request.CreateResponse(HttpStatusCode.OK);
Api.0002,Source incompatible for selected .NET version,Active,Potential,1,Bot.Services\Bot.Services.csproj,File,Bot.Services\Http\Controllers\JoinCallController.cs,91,16,"M:System.Net.Http.HttpRequestMessageExtensions.CreateResponse(System.Net.Http.HttpRequestMessage,System.Net.HttpStatusCode)",,,,,var response = this.Request.CreateResponse(HttpStatusCode.OK);
Api.0001,Binary incompatible for selected .NET version,Active,Mandatory,1,Bot.Services\Bot.Services.csproj,File,Bot.Services\Http\Controllers\JoinCallController.cs,58,8,M:System.Web.Http.ApiController.#ctor,,,,,"public JoinCallController(IGraphLogger logger, IBotService botService, IAzureSettings settings)          {              _logger = logger;              _botService = botService;              _settings = (AzureSettings)settings;          }"
Api.0001,Binary incompatible for selected .NET version,Active,Mandatory,1,Bot.Services\Bot.Services.csproj,File,Bot.Services\Http\Controllers\JoinCallController.cs,43,8,M:System.Web.Http.ApiController.#ctor,,,,,public JoinCallController()          {              _logger = AppHost.AppHostInstance.Resolve<IGraphLogger>();              _botService = AppHost.AppHostInstance.Resolve<IBotService>();              _settings = AppHost.AppHostInstance.Resolve<IOptions<AzureSettings>>().Value;          }
Api.0001,Binary incompatible for selected .NET version,Active,Mandatory,1,Bot.Services\Bot.Services.csproj,File,Bot.Services\Http\Controllers\JoinCallController.cs,58,8,M:System.Web.Http.ApiController.#ctor,,,,,"public JoinCallController(IGraphLogger logger, IBotService botService, IAzureSettings settings)          {              _logger = logger;              _botService = botService;              _settings = (AzureSettings)settings;          }"
Api.0001,Binary incompatible for selected .NET version,Active,Mandatory,1,Bot.Services\Bot.Services.csproj,File,Bot.Services\Http\Controllers\JoinCallController.cs,43,8,M:System.Web.Http.ApiController.#ctor,,,,,public JoinCallController()          {              _logger = AppHost.AppHostInstance.Resolve<IGraphLogger>();              _botService = AppHost.AppHostInstance.Resolve<IBotService>();              _settings = AppHost.AppHostInstance.Resolve<IOptions<AzureSettings>>().Value;          }
Api.0001,Binary incompatible for selected .NET version,Active,Mandatory,1,Bot.Services\Bot.Services.csproj,File,Bot.Services\Http\Controllers\JoinCallController.cs,23,38,T:System.Web.Http.ApiController,,,,,ApiController
Api.0001,Binary incompatible for selected .NET version,Active,Mandatory,1,Bot.Services\Bot.Services.csproj,File,Bot.Services\Http\Controllers\DemoController.cs,93,9,M:System.Web.Http.RouteAttribute.#ctor(System.String),,,,,Route(HttpRouteConstants.CallRoute)
Api.0001,Binary incompatible for selected .NET version,Active,Mandatory,1,Bot.Services\Bot.Services.csproj,File,Bot.Services\Http\Controllers\DemoController.cs,93,9,T:System.Web.Http.RouteAttribute,,,,,Route(HttpRouteConstants.CallRoute)
Api.0001,Binary incompatible for selected .NET version,Active,Mandatory,1,Bot.Services\Bot.Services.csproj,File,Bot.Services\Http\Controllers\DemoController.cs,92,9,M:System.Web.Http.HttpDeleteAttribute.#ctor,,,,,HttpDelete
Api.0001,Binary incompatible for selected .NET version,Active,Mandatory,1,Bot.Services\Bot.Services.csproj,File,Bot.Services\Http\Controllers\DemoController.cs,92,9,T:System.Web.Http.HttpDeleteAttribute,,,,,HttpDelete
Api.0003,Behavioral change in selected .NET version,Active,Potential,1,Bot.Services\Bot.Services.csproj,File,Bot.Services\Http\Controllers\DemoController.cs,106,16,T:System.Net.Http.HttpContent,,,,,response.Content = new StringContent(e.ToString());
Api.0001,Binary incompatible for selected .NET version,Active,Mandatory,1,Bot.Services\Bot.Services.csproj,File,Bot.Services\Http\Controllers\DemoController.cs,105,16,P:System.Web.Http.ApiController.Request,,,,,var response = this.Request.CreateResponse(HttpStatusCode.InternalServerError);
Api.0002,Source incompatible for selected .NET version,Active,Potential,1,Bot.Services\Bot.Services.csproj,File,Bot.Services\Http\Controllers\DemoController.cs,105,16,T:System.Net.Http.HttpRequestMessageExtensions,,,,,var response = this.Request.CreateResponse(HttpStatusCode.InternalServerError);
Api.0002,Source incompatible for selected .NET version,Active,Potential,1,Bot.Services\Bot.Services.csproj,File,Bot.Services\Http\Controllers\DemoController.cs,105,16,"M:System.Net.Http.HttpRequestMessageExtensions.CreateResponse(System.Net.Http.HttpRequestMessage,System.Net.HttpStatusCode)",,,,,var response = this.Request.CreateResponse(HttpStatusCode.InternalServerError);
Api.0001,Binary incompatible for selected .NET version,Active,Mandatory,1,Bot.Services\Bot.Services.csproj,File,Bot.Services\Http\Controllers\DemoController.cs,101,16,P:System.Web.Http.ApiController.Request,,,,,return this.Request.CreateResponse(HttpStatusCode.OK);
Api.0002,Source incompatible for selected .NET version,Active,Potential,1,Bot.Services\Bot.Services.csproj,File,Bot.Services\Http\Controllers\DemoController.cs,101,16,T:System.Net.Http.HttpRequestMessageExtensions,,,,,return this.Request.CreateResponse(HttpStatusCode.OK);
Api.0002,Source incompatible for selected .NET version,Active,Potential,1,Bot.Services\Bot.Services.csproj,File,Bot.Services\Http\Controllers\DemoController.cs,101,16,"M:System.Net.Http.HttpRequestMessageExtensions.CreateResponse(System.Net.Http.HttpRequestMessage,System.Net.HttpStatusCode)",,,,,return this.Request.CreateResponse(HttpStatusCode.OK);
Api.0001,Binary incompatible for selected .NET version,Active,Mandatory,1,Bot.Services\Bot.Services.csproj,File,Bot.Services\Http\Controllers\DemoController.cs,54,9,M:System.Web.Http.RouteAttribute.#ctor(System.String),,,,,"Route(HttpRouteConstants.Calls + ""/"")"
Api.0001,Binary incompatible for selected .NET version,Active,Mandatory,1,Bot.Services\Bot.Services.csproj,File,Bot.Services\Http\Controllers\DemoController.cs,54,9,T:System.Web.Http.RouteAttribute,,,,,"Route(HttpRouteConstants.Calls + ""/"")"
Api.0001,Binary incompatible for selected .NET version,Active,Mandatory,1,Bot.Services\Bot.Services.csproj,File,Bot.Services\Http\Controllers\DemoController.cs,53,9,M:System.Web.Http.HttpGetAttribute.#ctor,,,,,HttpGet
Api.0001,Binary incompatible for selected .NET version,Active,Mandatory,1,Bot.Services\Bot.Services.csproj,File,Bot.Services\Http\Controllers\DemoController.cs,53,9,T:System.Web.Http.HttpGetAttribute,,,,,HttpGet
Api.0003,Behavioral change in selected .NET version,Active,Potential,1,Bot.Services\Bot.Services.csproj,File,Bot.Services\Http\Controllers\DemoController.cs,83,12,T:System.Net.Http.HttpContent,,,,,"response.Content = new StringContent(json, Encoding.UTF8, ""application/json"");"
Api.0001,Binary incompatible for selected .NET version,Active,Mandatory,1,Bot.Services\Bot.Services.csproj,File,Bot.Services\Http\Controllers\DemoController.cs,82,12,P:System.Web.Http.ApiController.Request,,,,,var response = this.Request.CreateResponse(HttpStatusCode.OK);
Api.0002,Source incompatible for selected .NET version,Active,Potential,1,Bot.Services\Bot.Services.csproj,File,Bot.Services\Http\Controllers\DemoController.cs,82,12,T:System.Net.Http.HttpRequestMessageExtensions,,,,,var response = this.Request.CreateResponse(HttpStatusCode.OK);
Api.0002,Source incompatible for selected .NET version,Active,Potential,1,Bot.Services\Bot.Services.csproj,File,Bot.Services\Http\Controllers\DemoController.cs,82,12,"M:System.Net.Http.HttpRequestMessageExtensions.CreateResponse(System.Net.Http.HttpRequestMessage,System.Net.HttpStatusCode)",,,,,var response = this.Request.CreateResponse(HttpStatusCode.OK);
Api.0003,Behavioral change in selected .NET version,Active,Potential,1,Bot.Services\Bot.Services.csproj,File,Bot.Services\Http\Controllers\DemoController.cs,69,16,T:System.Uri,,,,,"var callUri = new Uri(_settings.CallControlBaseUrl, callPath).AbsoluteUri;"
Api.0003,Behavioral change in selected .NET version,Active,Potential,1,Bot.Services\Bot.Services.csproj,File,Bot.Services\Http\Controllers\DemoController.cs,69,16,T:System.Uri,,,,,"var callUri = new Uri(_settings.CallControlBaseUrl, callPath).AbsoluteUri;"
Api.0003,Behavioral change in selected .NET version,Active,Potential,1,Bot.Services\Bot.Services.csproj,File,Bot.Services\Http\Controllers\DemoController.cs,69,16,"M:System.Uri.#ctor(System.Uri,System.String)",,,,,"var callUri = new Uri(_settings.CallControlBaseUrl, callPath).AbsoluteUri;"
Api.0003,Behavioral change in selected .NET version,Active,Potential,1,Bot.Services\Bot.Services.csproj,File,Bot.Services\Http\Controllers\DemoController.cs,69,16,P:System.Uri.AbsoluteUri,,,,,"var callUri = new Uri(_settings.CallControlBaseUrl, callPath).AbsoluteUri;"
Api.0001,Binary incompatible for selected .NET version,Active,Mandatory,1,Bot.Services\Bot.Services.csproj,File,Bot.Services\Http\Controllers\DemoController.cs,61,16,P:System.Web.Http.ApiController.Request,,,,,return this.Request.CreateResponse(HttpStatusCode.NoContent);
Api.0002,Source incompatible for selected .NET version,Active,Potential,1,Bot.Services\Bot.Services.csproj,File,Bot.Services\Http\Controllers\DemoController.cs,61,16,T:System.Net.Http.HttpRequestMessageExtensions,,,,,return this.Request.CreateResponse(HttpStatusCode.NoContent);
Api.0002,Source incompatible for selected .NET version,Active,Potential,1,Bot.Services\Bot.Services.csproj,File,Bot.Services\Http\Controllers\DemoController.cs,61,16,"M:System.Net.Http.HttpRequestMessageExtensions.CreateResponse(System.Net.Http.HttpRequestMessage,System.Net.HttpStatusCode)",,,,,return this.Request.CreateResponse(HttpStatusCode.NoContent);
Api.0001,Binary incompatible for selected .NET version,Active,Mandatory,1,Bot.Services\Bot.Services.csproj,File,Bot.Services\Http\Controllers\DemoController.cs,42,8,M:System.Web.Http.ApiController.#ctor,,,,,public DemoController()          {              _logger = AppHost.AppHostInstance.Resolve<IGraphLogger>();              _botService = AppHost.AppHostInstance.Resolve<IBotService>();              _settings = AppHost.AppHostInstance.Resolve<IOptions<AzureSettings>>().Value;          }
Api.0001,Binary incompatible for selected .NET version,Active,Mandatory,1,Bot.Services\Bot.Services.csproj,File,Bot.Services\Http\Controllers\DemoController.cs,42,8,M:System.Web.Http.ApiController.#ctor,,,,,public DemoController()          {              _logger = AppHost.AppHostInstance.Resolve<IGraphLogger>();              _botService = AppHost.AppHostInstance.Resolve<IBotService>();              _settings = AppHost.AppHostInstance.Resolve<IOptions<AzureSettings>>().Value;          }
Api.0001,Binary incompatible for selected .NET version,Active,Mandatory,1,Bot.Services\Bot.Services.csproj,File,Bot.Services\Http\Controllers\DemoController.cs,22,34,T:System.Web.Http.ApiController,,,,,ApiController
Api.0003,Behavioral change in selected .NET version,Active,Potential,1,Bot.Services\Bot.Services.csproj,File,Bot.Services\Http\LoggingMessageHandler.cs,155,12,T:System.Uri,,,,,"this.logger.LogHttpMessage(                  TraceLevel.Verbose,                  direction,                  HttpTraceType.HttpResponse,                  request.RequestUri.ToString(),                  request.Method.ToString(),                  obfuscatedContent: null,                  headers: responseHeaders,                  responseCode: (int)response.StatusCode,                  responseTime: stopwatch.ElapsedMilliseconds);"
Api.0003,Behavioral change in selected .NET version,Active,Potential,1,Bot.Services\Bot.Services.csproj,File,Bot.Services\Http\LoggingMessageHandler.cs,152,16,T:System.Net.Http.HttpContent,,,,,responseHeaders.AddRange(response.Content.Headers);
Api.0003,Behavioral change in selected .NET version,Active,Potential,1,Bot.Services\Bot.Services.csproj,File,Bot.Services\Http\LoggingMessageHandler.cs,150,12,T:System.Net.Http.HttpContent,,,,,if (response.Content?.Headers?.Any() == true)              {                  responseHeaders.AddRange(response.Content.Headers);              }
Api.0003,Behavioral change in selected .NET version,Active,Potential,1,Bot.Services\Bot.Services.csproj,File,Bot.Services\Http\LoggingMessageHandler.cs,126,12,T:System.Uri,,,,,"this.logger.LogHttpMessage(                  TraceLevel.Verbose,                  direction,                  HttpTraceType.HttpRequest,                  request.RequestUri.ToString(),                  request.Method.ToString(),                  obfuscatedContent: null,                  headers: requestHeaders);"
Api.0003,Behavioral change in selected .NET version,Active,Potential,1,Bot.Services\Bot.Services.csproj,File,Bot.Services\Http\LoggingMessageHandler.cs,123,16,T:System.Net.Http.HttpContent,,,,,requestHeaders.AddRange(request.Content.Headers);
Api.0003,Behavioral change in selected .NET version,Active,Potential,1,Bot.Services\Bot.Services.csproj,File,Bot.Services\Http\LoggingMessageHandler.cs,121,12,T:System.Net.Http.HttpContent,,,,,if (request.Content?.Headers?.Any() == true)              {                  requestHeaders.AddRange(request.Content.Headers);              }
Api.0003,Behavioral change in selected .NET version,Active,Potential,1,Bot.Services\Bot.Services.csproj,File,Bot.Services\Http\LoggingMessageHandler.cs,108,12,T:System.Uri,,,,,"bool ignore = this.urlIgnorers != null && this.urlIgnorers                  .Any(ignorer => request.RequestUri.ToString().IndexOf(ignorer, StringComparison.OrdinalIgnoreCase) >= 0);"
Api.0001,Binary incompatible for selected .NET version,Active,Mandatory,1,Bot.Services\Bot.Services.csproj,File,Bot.Services\Http\HttpConfigurationInitializer.cs,37,12,T:Owin.WebApiAppBuilderExtensions,,,,,app.UseWebApi(httpConfig);
Api.0001,Binary incompatible for selected .NET version,Active,Mandatory,1,Bot.Services\Bot.Services.csproj,File,Bot.Services\Http\HttpConfigurationInitializer.cs,37,12,"M:Owin.WebApiAppBuilderExtensions.UseWebApi(Owin.IAppBuilder,System.Web.Http.HttpConfiguration)",,,,,app.UseWebApi(httpConfig);
Api.0001,Binary incompatible for selected .NET version,Active,Mandatory,1,Bot.Services\Bot.Services.csproj,File,Bot.Services\Http\HttpConfigurationInitializer.cs,32,12,M:System.Web.Http.HttpConfiguration.EnsureInitialized,,,,,httpConfig.EnsureInitialized();
Api.0001,Binary incompatible for selected .NET version,Active,Mandatory,1,Bot.Services\Bot.Services.csproj,File,Bot.Services\Http\HttpConfigurationInitializer.cs,28,12,T:System.Web.Http.Controllers.ServicesContainer,,,,,"httpConfig.Services.Add(typeof(IExceptionLogger), new ExceptionLogger(logger));"
Api.0001,Binary incompatible for selected .NET version,Active,Mandatory,1,Bot.Services\Bot.Services.csproj,File,Bot.Services\Http\HttpConfigurationInitializer.cs,28,12,P:System.Web.Http.HttpConfiguration.Services,,,,,"httpConfig.Services.Add(typeof(IExceptionLogger), new ExceptionLogger(logger));"
Api.0001,Binary incompatible for selected .NET version,Active,Mandatory,1,Bot.Services\Bot.Services.csproj,File,Bot.Services\Http\HttpConfigurationInitializer.cs,28,12,"M:System.Web.Http.Controllers.ServicesContainer.Add(System.Type,System.Object)",,,,,"httpConfig.Services.Add(typeof(IExceptionLogger), new ExceptionLogger(logger));"
Api.0001,Binary incompatible for selected .NET version,Active,Mandatory,1,Bot.Services\Bot.Services.csproj,File,Bot.Services\Http\HttpConfigurationInitializer.cs,26,12,P:System.Web.Http.HttpConfiguration.MessageHandlers,,,,,"httpConfig.MessageHandlers.Add(new LoggingMessageHandler(isIncomingMessageHandler: true, logger: logger, urlIgnorers: new[] { ""/logs"" }));"
Api.0001,Binary incompatible for selected .NET version,Active,Mandatory,1,Bot.Services\Bot.Services.csproj,File,Bot.Services\Http\HttpConfigurationInitializer.cs,25,12,T:System.Web.Http.HttpConfigurationExtensions,,,,,httpConfig.MapHttpAttributeRoutes();
Api.0001,Binary incompatible for selected .NET version,Active,Mandatory,1,Bot.Services\Bot.Services.csproj,File,Bot.Services\Http\HttpConfigurationInitializer.cs,25,12,M:System.Web.Http.HttpConfigurationExtensions.MapHttpAttributeRoutes(System.Web.Http.HttpConfiguration),,,,,httpConfig.MapHttpAttributeRoutes();
Api.0001,Binary incompatible for selected .NET version,Active,Mandatory,1,Bot.Services\Bot.Services.csproj,File,Bot.Services\Http\HttpConfigurationInitializer.cs,24,12,T:System.Web.Http.HttpConfiguration,,,,,HttpConfiguration httpConfig = new HttpConfiguration();
Api.0001,Binary incompatible for selected .NET version,Active,Mandatory,1,Bot.Services\Bot.Services.csproj,File,Bot.Services\Http\HttpConfigurationInitializer.cs,24,12,M:System.Web.Http.HttpConfiguration.#ctor,,,,,HttpConfiguration httpConfig = new HttpConfiguration();
Api.0001,Binary incompatible for selected .NET version,Active,Mandatory,1,Bot.Services\Bot.Services.csproj,File,Bot.Services\Http\ExceptionLogger.cs,42,8,T:System.Web.Http.ExceptionHandling.ExceptionLoggerContext,,,,,"public Task LogAsync(ExceptionLoggerContext context, CancellationToken cancellationToken)"
Api.0001,Binary incompatible for selected .NET version,Active,Mandatory,1,Bot.Services\Bot.Services.csproj,File,Bot.Services\Http\ExceptionLogger.cs,44,12,P:System.Web.Http.ExceptionHandling.ExceptionLoggerContext.Exception,,,,,"this.logger.Error(context.Exception, ""Exception processing HTTP request."");"
Api.0001,Binary incompatible for selected .NET version,Active,Mandatory,1,Bot.Services\Bot.Services.csproj,File,Bot.Services\Http\ExceptionLogger.cs,25,35,T:System.Web.Http.ExceptionHandling.IExceptionLogger,,,,,IExceptionLogger
Api.0003,Behavioral change in selected .NET version,Active,Potential,1,Bot.Services\Bot.Services.csproj,File,Bot.Services\Bot\ExceptionExtensions.cs,79,16,T:System.Net.Http.HttpContent,,,,,"responseToReturn = new HttpResponseMessage(HttpStatusCode.InternalServerError)                  {                      Content = new StringContent(exception.ToString()),                  };"
Api.0003,Behavioral change in selected .NET version,Active,Potential,1,Bot.Services\Bot.Services.csproj,File,Bot.Services\Bot\ExceptionExtensions.cs,75,16,T:System.Net.Http.HttpContent,,,,,responseToReturn.Content = new StringContent(e.ToString());
Api.0003,Behavioral change in selected .NET version,Active,Potential,1,Bot.Services\Bot.Services.csproj,File,Bot.Services\Bot\BotService.cs,101,12,T:System.Uri,,,,,builder.SetServiceBaseUrl(_settings.PlaceCallEndpointUrl);
Api.0003,Behavioral change in selected .NET version,Active,Potential,1,Bot.Services\Bot.Services.csproj,File,Bot.Services\Bot\BotService.cs,99,12,T:System.Uri,,,,,builder.SetNotificationUrl(_settings.CallControlBaseUrl);
Api.0001,Binary incompatible for selected .NET version,Active,Mandatory,1,Bot.Services\Bot.Services.csproj,File,Bot.Services\ServiceSetup\ServiceHost.cs,42,12,"M:Microsoft.Extensions.DependencyInjection.OptionsConfigurationServiceCollectionExtensions.Configure``1(Microsoft.Extensions.DependencyInjection.IServiceCollection,Microsoft.Extensions.Configuration.IConfiguration)",,,,,services.Configure<AzureSettings>(configuration.GetSection(nameof(AzureSettings)));
Api.0003,Behavioral change in selected .NET version,Active,Potential,1,Bot.Services\Bot.Services.csproj,File,Bot.Services\ServiceSetup\AzureSettings.cs,210,12,T:System.Uri,,,,,"this.CallControlBaseUrl = new Uri($""https://{this.ServiceCname}/{podNumber}/{HttpRouteConstants.CallSignalingRoutePrefix}/{HttpRouteConstants.OnNotificationRequestRoute}"");"
Api.0003,Behavioral change in selected .NET version,Active,Potential,1,Bot.Services\Bot.Services.csproj,File,Bot.Services\ServiceSetup\AzureSettings.cs,210,12,M:System.Uri.#ctor(System.String),,,,,"this.CallControlBaseUrl = new Uri($""https://{this.ServiceCname}/{podNumber}/{HttpRouteConstants.CallSignalingRoutePrefix}/{HttpRouteConstants.OnNotificationRequestRoute}"");"
Api.0003,Behavioral change in selected .NET version,Active,Potential,1,Bot.Services\Bot.Services.csproj,File,Bot.Services\ServiceSetup\AzureSettings.cs,210,12,T:System.Uri,,,,,"this.CallControlBaseUrl = new Uri($""https://{this.ServiceCname}/{podNumber}/{HttpRouteConstants.CallSignalingRoutePrefix}/{HttpRouteConstants.OnNotificationRequestRoute}"");"
Api.0003,Behavioral change in selected .NET version,Active,Potential,1,Bot.Services\Bot.Services.csproj,File,Bot.Services\ServiceSetup\AzureSettings.cs,60,47,T:System.Uri,,,,,set;
Api.0003,Behavioral change in selected .NET version,Active,Potential,1,Bot.Services\Bot.Services.csproj,File,Bot.Services\ServiceSetup\AzureSettings.cs,60,42,T:System.Uri,,,,,get;
Api.0003,Behavioral change in selected .NET version,Active,Potential,1,Bot.Services\Bot.Services.csproj,File,Bot.Services\ServiceSetup\AzureSettings.cs,60,8,T:System.Uri,,,,,public Uri PlaceCallEndpointUrl
Api.0003,Behavioral change in selected .NET version,Active,Potential,1,Bot.Services\Bot.Services.csproj,File,Bot.Services\ServiceSetup\AzureSettings.cs,54,45,T:System.Uri,,,,,set;
Api.0003,Behavioral change in selected .NET version,Active,Potential,1,Bot.Services\Bot.Services.csproj,File,Bot.Services\ServiceSetup\AzureSettings.cs,54,40,T:System.Uri,,,,,get;
Api.0003,Behavioral change in selected .NET version,Active,Potential,1,Bot.Services\Bot.Services.csproj,File,Bot.Services\ServiceSetup\AzureSettings.cs,54,8,T:System.Uri,,,,,public Uri CallControlBaseUrl
